wavelength,deficit
380,0.0561343044872862
381,0.0612295918040599
382,0.0667039780580511
383,0.0725770769659703
384,0.0788686840132222
385,0.0855986894922993
386,0.0927869833575573
387,0.1004533519334484
388,0.1086173665909384
389,0.1172982645899401
390,0.126514822373623
391,0.1362852216928317
392,0.14662690903479
393,0.157556448928999
394,0.1690893718037929
395,0.1812400171683864
396,0.194021372996299
397,0.20744491228559
398,0.2215204278680986
399,0.2362558666325475
400,0.2516571644135438
401,0.2677280828788353
402,0.2844700498192137
403,0.3018820043078406
404,0.3199602482471315
405,0.3386983058603536
406,0.3580867927105745
407,0.3781132958403609
408,0.3987622666207033
409,0.4200149278761184
410,0.4418491968140673
411,0.4642396252301851
412,0.4871573583860032
413,0.5105701138627554
414,0.5344421815835818
415,0.5587344460673312
416,0.5834044318308125
417,0.6084063726935662
418,0.6336913055611427
419,0.6592071890707761
420,0.6848990472788363
421,0.7107091383542934
422,0.7365771480186655
423,0.7624404072427302
424,0.7882341334760361
425,0.8138916944494551
426,0.8393448933563172
427,0.864524273986731
428,0.8893594441653042
429,0.913779415627382
430,0.9377129582658412
431,0.961088966492092
432,0.9838368352837892
433,1.0058868433402652
434,1.0271705406370788
435,1.0476211375653486
436,1.0671738927614574
437,1.0857664966797622
438,1.1033394479362568
439,1.119836419455594
440,1.1352046114879244
441,1.1493950886257942
442,1.1623630980446087
443,1.1740683663123077
444,1.1844753722638923
445,1.1935535936129849
446,1.2012777251739408
447,1.2076278667922182
448,1.2125896793253286
449,1.2161545072792366
450,1.2183194669826478
451,1.2190874994712233
452,1.218467387552171
453,1.2164737368236034
454,1.2131269207291175
455,1.208452990032839
456,1.2024835474003348
457,1.1952555880629805
458,1.1868113078243854
459,1.17719787993433
460,1.1664672026054563
461,1.1546756191781116
462,1.1418836131469292
463,1.1281554804469196
464,1.1135589815552878
465,1.0981649760965917
466,1.08204704274213
467,1.0652810872690006
468,1.0479449416898052
469,1.0301179573806034
470,1.011880595122851
471,0.9933140149355342
472,0.9744996685076188
473,0.9555188969496936
474,0.9364525364690316
475,0.9173805344361172
476,0.898381578155194
477,0.8795327384788747
478,0.8609091302198241
479,0.8425835911135299
480,0.8246263808778659
481,0.8071049017001722
482,0.7900834412636004
483,0.7736229392040613
484,0.7577807776698017
485,0.7426105964398217
486,0.7281621328472526
487,0.7144810865515552
488,0.7016090090108374
489,0.6895832173244028
490,0.6784367319472948
491,0.6681982376242863
492,0.6588920667514694
493,0.6505382042500558
494,0.6431523129296665
495,0.6367457782275556
496,0.6313257711358536
497,0.6268953280708739
498,0.6234534463963644
499,0.6209951942857388
500,0.619511833596029
501,0.6189909544276453
502,0.6194166200580122
503,0.620769520962601
504,0.6230271366726144
505,0.6261639042633245
506,0.6301513923194855
507,0.634958479283069
508,0.6405515351524234
509,0.6468946055696089
510,0.6539495974028209
511,0.6616764650023135
512,0.6700333963799641
513,0.6789769986335377
514,0.6884624820058886
515,0.6984438420359603
516,0.7088740393217586
517,0.7197051764749146
518,0.7308886719014838
519,0.7423754300939094
520,0.7541160081643058
521,0.7660607783892632
522,0.7781600865711706
523,0.7903644060506403
524,0.8026244872291305
525,0.8148915024805192
526,0.8271171863454656
527,0.8392539709132422
528,0.8512551163027576
529,0.8630748361581283
530,0.8746684180748975
531,0.8859923388713224
532,0.8970043746155677
533,0.9076637053146712
534,0.9179310141652876
535,0.9277685812599504
536,0.9371403716364108
537,0.9460121175519368
538,0.9543513948596964
539,0.9621276933608884
540,0.9693124810044298
541,0.9758792618060376
542,0.9818036273607168
543,0.9870633018271148
544,0.9916381802690986
545,0.995510360249323
546,0.9986641665814872
547,1.0010861691624582
548,1.0027651938223576
549,1.0036923261499875
550,1.0038609082724554
551,1.003266528591357
552,1.0019070045031906
553,0.999782358158554
554,0.9968947853428218
555,0.9932486175902052
556,0.9888502776729524
557,0.9837082286377417
558,0.9778329165916516
559,0.9712367074702248
560,0.9639338180496646
561,0.9559402414939075
562,0.9472736677548098
563,0.9379533991697476
564,0.928000261625278
565,0.9174365116778568
566,0.9062857400428006
567,0.8945727718804474
568,0.8823235643236824
569,0.8695651017034925
570,0.8563252889388682
571,0.8426328435641123
572,0.8285171868703811
573,0.8140083346390276
574,0.7991367879420704
575,0.7839334244798809
576,0.7684293909180275
577,0.7526559966742439
578,0.7366446095927628
579,0.7204265539269694
580,0.7040330110325729
581,0.6874949231524907
582,0.6708429006515464
583,0.654107133034125
584,0.6373173040513094
585,0.6205025111759717
586,0.6036911896950565
587,0.5869110416380929
588,0.5701889697300568
589,0.5535510165253258
590,0.5370223088478511
591,0.5206270076310578
592,0.5043882632196038
593,0.4883281761642045
594,0.4724677635104653
595,0.4568269305532682
596,0.4414244479999092
597,0.4262779344580579
598,0.41140384413886
599,0.3968174596412768
600,0.3825328896611586
601,0.3685630714477137
602,0.3549197778110173
603,0.341613628467104
604,0.3286541054920323
605,0.316049572643154
606,0.3038072982946621
607,0.2919334817253507
608,0.2804332824893604
609,0.2693108525954947
610,0.2585693712174117
611,0.2482110816555809
612,0.238237330272258
613,0.2286486071228112
614,0.2194445880104174
615,0.2106241776963532
616,0.2021855540047191
617,0.1941262125683407
618,0.1864430119716804
619,0.1791322190567288
620,0.1721895541689249
621,0.1656102361320342
622,0.1593890267534788
623,0.1535202746747451
624,0.1479979583950556
625,0.1428157283103842
626,0.1379669476239847
627,0.1334447319987987
628,0.1292419878362921
629,0.1253514490803516
630,0.1217657124587598
631,0.1184772710883678
632,0.1154785463833315
633,0.1127619182185938
634,0.1103197533131186
635,0.1081444318091594
636,0.1062283720350303
637,0.1045640534493952
638,0.1031440377749759
639,0.10196098833877
640,0.1010076876443537
641,0.1002770532096054
642,0.0997621517102201
643,0.0994562114756983
644,0.0993526333900788
645,0.0994450002545737
646,0.0997270846734516
647,0.1001928555280388
648,0.1008364831065792
649,0.10165234295995
650,0.1026350185548911
651,0.1037793027975144
652,0.1050801985004399
653,0.1065329178670024
654,0.1081328810656152
655,0.1098757139666076
656,0.111757245112709
657,0.1137735019928654
658,0.1159207066872941
659,0.1181952709496261
660,0.1205937907897145
661,0.1231130406182076
662,0.1257499670113566
663,0.1285016821517609
664,0.1313654569978921
665,0.1343387142323028
666,0.1374190210354473
667,0.1406040817290405
668,0.143891730329886
669,0.1472799230521242
670,0.1507667307929233
671,0.1543503316337532
672,0.1580290033865848
673,0.1618011162116304
674,0.1656651253306254
675,0.1696195638571277
676,0.1736630357629084
677,0.1777942089972218
678,0.1820118087735753
679,0.1863146110365871
680,0.1907014361196072
681,0.1951711426019962
682,0.199722621373307
683,0.2043547899100848
684,0.2090665867696041
685,0.2138569663035769
686,0.2187248935937109
687,0.2236693396099435
688,0.2286892765912436
689,0.2337836736480353
690,0.2389514925845652
691,0.2441916839388909
692,0.2495031832376159
693,0.2548849074620206
694,0.2603357517218444
695,0.2658545861326474
696,0.2714402528924153
697,0.2770915635528703
698,0.2828072964807992
699,0.2885861945046061
700,0.2944269627412406
701,0.3003282665986259
702,0.3062887299487274
703,0.3123069334664377
704,0.3183814131295232
705,0.3245106588749593
706,0.3306931134070846
707,0.3369271711531234
708,0.3432111773617496
709,0.349543427340501
710,0.3559221658279946
711,0.3623455864970367
712,0.3688118315848636
713,0.3753189916468951
714,0.3818651054305234
715,0.3884481598655951
716,0.3950660901683804
717,0.4017167800559442
718,0.408398062067959
719,0.415107717993105
720,0.4218434793973119
721,0.428603028251186
722,0.4353839976540586
723,0.4421839726521616
724,0.4490004911485107
725,0.4558310449021305
726,0.4626730806143077
727,0.4695240010996008
728,0.4763811665393636
729,0.4832418958155695
730,0.4901034679227329
731,0.4969631234557393
732,0.503818066171394
733,0.5106654646214943
734,0.5175024538552189
735,0.5243261371886112
736,0.5311335880389128
737,0.5379218518214703
738,0.5446879479069145
739,0.5514288716362681
740,0.5581415963916051
741,0.5648230757198416
742,0.5714702455071883
743,0.5780800262017601
744,0.5846493250817775
745,0.5911750385667572
746,0.597654054569032
747,0.6040832548828964
748,0.6104595176086202
749,0.6167797196085293
750,0.6230407389922987
751,0.6292394576285634
752,0.635372763679903
753,0.6414375541582152
754,0.6474307374974542
755,0.6533492361406689
756,0.6591899891382461
757,0.6649499547542255
758,0.6706261130775311
759,0.6762154686349346
760,0.6817150530025471
761,0.6871219274126156
762,0.6924331853523937
763,0.6976459551518387
764,0.7027574025568891
765,0.7077647332850744
766,0.7126651955602132
767,0.7174560826229656
768,0.7221347352140206
769,0.7266985440267173
770,0.731144952125921
771,0.7354714573300096
772,0.7396756145528524
773,0.7437550381027058
774,0.7477074039349973
775,0.7515304518560088
776,0.7552219876745316
777,0.7587798852986228
778,0.7622020887746511
779,0.7654866142658915
780,0.7686315519680017
781,0.771635067958787
782,0.7744954059797421
783,0.777210889146947
784,0.77977992158898
785,0.7822009900096073
786,0.7844726651731039
787,0.7865936033101657
788,0.7885625474424749
789,0.7903783286240875
790,0.7920398670979295
791,0.7935461733657956
792,0.794896349170368
793,0.7960895883878891
794,0.7971251778302452
795,0.7980024979553437
796,0.7987210234847961
797,0.7992803239280364
798,0.7996800640121529
799,0.7999200040168227
800,0.8000000000138879
801,0.7999200040112326
802,0.7996800640007621
803,0.7992803239104164
804,0.7987210234602856
805,0.7980024979230264
806,0.7971251777889179
807,0.7960895883360221
808,0.7948963491060522
809,0.7935461732866794
810,0.7920398670011403
811,0.7903783285061368
812,0.7885625472991438
813,0.7865936031363685
814,0.7844726649627236
815,0.7822009897553011
816,0.7797799212819462
817,0.7772108887766496
818,0.7744954055335836
819,0.7716350674217213
820,0.7686315513220753
821,0.7654866134897023
822,0.7622020878427093
823,0.7587798841805967
824,0.7552219863343594
825,0.7515304502508535
826,0.7477074020140175
827,0.7437550358056104
828,0.7396756118082062
829,0.7354714540532447
830,0.7311449482170066
831,0.7266985393674337
832,0.722134729664769
833,0.7174560760190417
834,0.7126651877074569
835,0.7077647239547946
836,0.7027573914799513
837,0.6976459420117802
838,0.6924331697774168
839,0.6871219089662812
840,0.6817150311729716
841,0.6762154428222569
842,0.6706260825793884
843,0.6649499187489379
844,0.6591899466653636
845,0.6533491860784895
846,0.6474306785370663
847,0.6414374847735536
848,0.6353726820932377
849,0.6292393617707643
850,0.6230406264571242
851,0.6167795876000925
852,0.610459362881069
853,0.6040830736712189
854,0.5976538425097566
855,0.5911747906071555
856,0.5846490353760031
857,0.5780796879921549
858,0.571469850988766
859,0.5648226158857118
860,0.5581410608568248
861,0.5514282484373011
862,0.5446872232735398
863,0.5379210099176022
864,0.5311326106683788
865,0.5243250034614725
866,0.5175011398097039
867,0.51066394279606
868,0.5038163051208024
869,0.4969610872043606
870,0.4901011153475329
871,0.4832391799504203
872,0.4763780337914158
873,0.4695203903674704
874,0.4626689222967552
875,0.4558262597847384
876,0.4489949891545879
877,0.4421776514427151
878,0.4353767410601659
879,0.4285947045204678
880,0.4218339392344388
881,0.4150967923723618
882,0.4083855597938315
883,0.4017024850454775
884,0.395049758426677
885,0.3884295161232636
886,0.3818438394091566
887,0.3752947539157313
888,0.3687842289686669
889,0.3623141769919157
890,0.3558864529783529
891,0.3495028540265777
892,0.3431651189432584
893,0.3368749279103294
894,0.3306339022162754
895,0.3244436040506565
896,0.3183055363609637
897,0.312221142770817
898,0.3061918075584553
899,0.3002188556944059
900,0.2943035529371539
901,0.2884471059855805
902,0.2826506626868811
903,0.2769153122986229
904,0.2712420858035537
905,0.2656319562757285
906,0.2600858392964766
907,0.2546045934186966
908,0.2491890206779256
909,0.2438398671486026
910,0.2385578235439098
911,0.2333435258575572
912,0.2281975560458441
913,0.2231204427483199
914,0.2181126620453416
915,0.2131746382508193
916,0.2083067447384232
917,0.2035093047995231
918,0.1987825925311234
919,0.1941268337520566
920,0.1895422069456974
921,0.1850288442274629
922,0.1805868323353735
923,0.1762162136419534
924,0.1719169871857643
925,0.1676891097208782
926,0.1635324967826111
927,0.1594470237678581
928,0.1554325270283905
929,0.1514888049754993
930,0.1476156191943914
931,0.1438126955667742
932,0.1400797254000907
933,0.1364163665618972
934,0.1328222446179093
935,0.1292969539722713
936,0.1258400590086429
937,0.1224510952307289
938,0.1191295704009182
939,0.1158749656757337
940,0.112686736736836
941,0.1095643149163625
942,0.1065071083154254
943,0.1035145029146331
944,0.1005858636755423
945,0.097720535631992
946,0.0949178449703105
947,0.0921771000974347
948,0.0894975926960225
949,0.0868785987656823
950,0.0843193796494914
951,0.0818191830450159
952,0.0793772439990906
953,0.0769927858856623
954,0.074665021366042
955,0.0723931533309567
956,0.0701763758238339
957,0.068013874944796
958,0.0659048297348829
959,0.0638484130400637
960,0.0618437923546397
961,0.0598901306436827
962,0.0579865871441891
963,0.0561323181446745
964,0.0543264777429675
965,0.0525682185820023
966,0.0508566925634436
967,0.049191051539016
968,0.0475704479794425
969,0.0459940356209316
970,0.0444609700891864
971,0.0429704095009388
972,0.0415215150430443
973,0.0401134515292023
974,0.0387453879343953
975,0.0374164979071671
976,0.0361259602598887
977,0.0348729594371828
978,0.0336566859627058
979,0.0324763368645042
980,0.0313311160791896
981,0.0302202348351935
982,0.0291429120153832
983,0.0280983744993401
984,0.0270858574856184
985,0.0261046047943168
986,0.025153869150313
987,0.024232912447525
988,0.0233410059945735
989,0.0224774307422344
990,0.0216414774930803
991,0.0208324470937189
992,0.020049650610047
993,0.0192924094859432
994,0.0185600556858347
995,0.0178519318215731
996,0.0171673912640643
997,0.0165057982400997
998,0.0158665279148388
999,0.0152489664603958
1000,0.0146525111109873
1001,0.014076570205093
1002,0.0135205632150888
1003,0.0129839207648057
1004,0.0124660846354676
1005,0.0119665077604619
1006,0.0114846542093916
1007,0.0110199991618536
1008,0.0105720288713878
1009,0.0101402406200344
1010,0.0097241426639319
1011,0.0093232541703851
1012,0.0089371051468246
1013,0.0085652363620749
1014,0.0082071992603389
1015,0.0078625558683037
1016,0.0075308786957613
1017,0.0072117506301326
1018,0.006904764825275
1019,0.0066095245849442
1020,0.0063256432412747
1021,0.0060527440286329
1022,0.0057904599531889
1023,0.0055384336585444
1024,0.005296317287744
1025,0.0050637723419885
1026,0.0048404695363604
1027,0.0046260886528597
1028,0.0044203183910431
1029,0.0042228562165449
1030,0.0040334082077527
1031,0.0038516889008991
1032,0.0036774211338222
1033,0.0035103358886378
1034,0.0033501721335559
1035,0.0031966766640677
1036,0.0030496039437153
1037,0.0029087159446519
1038,0.0027737819881879
1039,0.0026445785855105
1040,0.0025208892787555
1041,0.0024025044826021
1042,0.00228922132655
1043,0.0021808434980333
1044,0.0020771810865151
1045,0.0019780504286993
1046,0.0018832739549873
1047,0.0017926800373017
1048,0.0017061028383883
1049,0.0016233821627031
1050,0.0015443633089821
1051,0.0014688969245859
1052,0.0013968388617022
1053,0.0013280500354855
1054,0.0012623962842048
1055,0.0011997482314638
1056,0.0011399811505539
1057,0.0010829748309924
1058,0.0010286134472937
1059,0.0009767854300168
1060,0.0009273833391236
1061,0.0008803037396836
1062,0.0008354470799485
1063,0.0007927175718226
1064,0.0007520230737445
1065,0.0007132749759961
1066,0.0006763880884476
1067,0.0006412805307451
1068,0.0006078736249433
1069,0.0005760917905826
1070,0.0005458624422051
1071,0.0005171158893039
1072,0.0004897852386946
1073,0.0004638062992948
1074,0.0004391174892983
1075,0.0004156597457238
1076,0.0003933764363191
1077,0.0003722132737975
1078,0.0003521182323822
1079,0.0003330414666325
1080,0.000314935232524
1081,0.0002977538107523
1082,0.0002814534322305
1083,0.0002659922057471
1084,0.0002513300477521
1085,0.0002374286142345
1086,0.0002242512346591
1087,0.0002117628479224
1088,0.0001999299402941
1089,0.0001887204853036
1090,0.0001781038855351
1091,0.0001680509162915
1092,0.0001585336710892
1093,0.000149525508942
1094,0.0001410010033979
1095,0.0001329358932858
1096,0.0001253070351344
1097,0.0001180923572223
1098,0.0001112708152204
1099,0.0001048223493859
1100,9.872784326934364e-05
